epoch;acc;loss;val_acc;val_loss
0;0.5105;0.6944573678970337;0.5;0.6887308311462402
1;0.5635;0.6786029987335205;0.61875;0.6584954977035522
